<?xml version="1.0" encoding="UTF-8"?>
<addon
	id="adsp.freesurround"
	version="0.3.0"
	name="Free Surround Processor"
	provider-name="Team KODI">
	<requires>
		<c-pluff version="0.1"/>
		<import addon="kodi.adsp" version="0.1.8"/>
	</requires>
	<extension
		point="kodi.adsp"
		library_linux="adsp.freesurround.so.0.3.0"/>
	<extension point="kodi.addon.metadata">
		<summary lang="en">Free Surround Audio DSP Processor</summary>
		<description lang="en">FreeSurround is meant to be the KODI equivalent of your hi-fi receiver's Dolby ProLogic II button.
It's purpose is to decode surround information from your stereo music and to produce multichannel output from it.</description>
		<disclaimer lang="en">This is a open source audio dsp processing system, based upon work from pro_optimizer on foobar2000</disclaimer>
		<platform>linux</platform>
		<license>GNU GENERAL PUBLIC LICENSE. Version 3, June 2007</license>
		<forum>http://forum.kodi.tv/forumdisplay.php?fid=235</forum>
		<website></website>
		<email></email>
		<source>https://github.com/kodi-adsp/adsp.freesurround</source>
	</extension>
</addon>
