<?xml version="1.0" encoding="UTF-8"?>
<addon id="audiodecoder.organya" version="1.1.3.2" name="Org Audio Decoder" provider-name="spiff">
  <requires>
    <import addon="kodi.binary.global.main" version="1.0.14"/>
    <import addon="kodi.binary.global.filesystem" version="1.0.2"/>
    <import addon="kodi.binary.instance.audiodecoder" version="2.0.0"/>
  </requires>
  <extension point="kodi.audiodecoder" name="org" extension=".org" library_linux="audiodecoder.organya.so.1.1.3"/>
  <extension point="xbmc.addon.metadata">
    <summary lang="en">Organya Audio Decoder</summary>
    <description lang="en">Organya Audio Decoder</description>
    <platform/>
  </extension>
</addon>
