<?xml version="1.0" encoding="UTF-8" standalone="yes"?>
<addon id="service.pcscd"
       name="PC/SC Smart Card Daemon"
       version="8.2.100"
       provider-name="Team LibreELEC">
  <requires>
    <import addon="os.libreelec.tv" version="8.2"/>
    <import addon="xbmc.python" version="2.1.0"/>

  </requires>
  <extension point="xbmc.service" library="default.py">
    <provides></provides>
  </extension>
  <extension point="xbmc.addon.metadata">
    <summary>Middleware to access a smart card using SCard API (PC/SC)</summary>
    <description>
Middleware to access a smart card using SCard API (PC/SC)
    </description>
    <disclaimer>

    </disclaimer>
    <platform>all</platform>
    <news>
100
- initial addon    </news>
    <assets>
      <icon>resources/icon.png</icon>
      <fanart>resources/fanart.png</fanart>

    </assets>
  </extension>
</addon>
