<?xml version="1.0" encoding="UTF-8"?>
<addon id="pvr.argustv" version="2.5.6.1" name="ARGUS TV client" provider-name="Fred Hoogduin, Marcel Groothuis">
  <requires>
    <c-pluff version="0.1"/>
    <import addon="xbmc.pvr" version="5.2.1"/>
  </requires>
  <extension point="xbmc.pvrclient" library_linux="pvr.argustv.so.2.5.6"/>
  <extension point="xbmc.addon.metadata">
    <summary lang="af_ZA">Kodi voorprogram vir die ARGUS TV PVR http://www.argus-tv.com//</summary>
    <summary lang="be_BY">Kodi frontend for the ARGUS TV PVR http://www.argus-tv.com//</summary>
    <summary lang="bg_BG">Kodi клиент за ARGUS TV ПВР http://www.argus-tv.com//</summary>
    <summary lang="ca_ES">Frontal de Kodi per al PVR ARGUS TV http://www.argus-tv.com//</summary>
    <summary lang="cs_CZ">Rozhraní Kodi pro ARGUS TV PVR http://www.argus-tv.com//</summary>
    <summary lang="cy_GB">Pen blaen Kodi ar gyfer ARGUS TV PVR http://www.argus-tv.com//</summary>
    <summary lang="da_DK">Kodi frontend til ARGUS TV PVR http://www.argus-tv.com//</summary>
    <summary lang="de_DE">Kodi Oberfläche für ARGUS TV PVR http://www.argus-tv.com//</summary>
    <summary lang="el_GR">Frontend του Kodi για το ARGUS TV PVR http://www.argus-tv.com/</summary>
    <summary lang="en_AU">Kodi frontend for the ARGUS TV PVR http://www.argus-tv.com//</summary>
    <summary lang="en_GB">Kodi frontend for the ARGUS TV PVR http://www.argus-tv.com//</summary>
    <summary lang="en_NZ">Kodi frontend for the ARGUS TV PVR http://www.argus-tv.com//</summary>
    <summary lang="en_US">Kodi frontend for the ARGUS TV PVR http://www.argus-tv.com/</summary>
    <summary lang="es_AR">Frontend de Kodi para ARGUS TV PVR http://www.argus-tv.com//</summary>
    <summary lang="es_ES">Frontend de Kodi para ARGUS TV PVR http://www.argus-tv.com//</summary>
    <summary lang="es_MX">Frontend de Kodi para ARGUS TV PVR http://www.argus-tv.com//</summary>
    <summary lang="et_EE">Kodi esi ARGUS TV PVRile http://www.argus-tv.com//</summary>
    <summary lang="fi_FI">Kodin ARGUS TV -asiakasohjelma http:/www.argus-tv.com/</summary>
    <summary lang="fr_CA">Frontal Kodi pour le numériscope ARGUS TV http://www.argus-tv.com/</summary>
    <summary lang="fr_FR">Interface logicielle pour l'enregistreur vidéo (PVR) ARGUS TV http://www.argus-tv.com/</summary>
    <summary lang="gl_ES">Interface de Kodi para o PRV de ARGUS TV http://www.argus-tv.com//</summary>
    <summary lang="he_IL">לקוח טלוויזיה חיה עבור ARGUS TV מהכתובת http://www.argus-tv.com</summary>
    <summary lang="hr_HR">Kodi pozadinski softver za ARGUS TV PVR http://www.argus-tv.com//</summary>
    <summary lang="hu_HU">Kodi előtét az ARGUS TV-hez http://www.argus-tv.com//</summary>
    <summary lang="hy_AM">Kodi արտաքին տեսքը ARGUS TV PVR համար http://www.argus-tv.com//</summary>
    <summary lang="id_ID">Antarmuka Kodi untuk ARGUS TV PVR http://www.argus-tv.com//</summary>
    <summary lang="is_IS">Kodi framendi fyrir ARGUS TV upptökutæki (PVR) http://www.argus-tv.com//</summary>
    <summary lang="it_IT">Frontend Kodi di ARGUS TV PVR http://www.argus-tv.com//</summary>
    <summary lang="ja_JP">ARGUS TV PVR 用 Kodi フロントエンド http://www.argus-tv.com//</summary>
    <summary lang="ko_KR">ARGUS TV PVR을 위한 Kodi 프론트엔드 http://www.argus-tv.com//</summary>
    <summary lang="lt_LT">Kodi sąsaja su ARGUS TV PVR http://www.argus-tv.com//</summary>
    <summary lang="lv_LV">Kodi galasistēma ARGUS TV PVR http://www.argus-tv.com//</summary>
    <summary lang="mk_MK">Kodi интерфејс за ARGUS TV PVR http://www.argus-tv.com//</summary>
    <summary lang="ms_MY">Bahagian hadapan Kodi untuk PVR ARGUS TV http://www.argus-tv.com//</summary>
    <summary lang="mt_MT">Faċċata tal-Kodi għall- ARGUS TV PVR http://www.argus-tv.com//</summary>
    <summary lang="nb_NO">Kodi-klientdel til ARGUS TV PVR http://www.argus-tv.com/</summary>
    <summary lang="nl_NL">Kodi frontend voor het ARGUS-TV PVR http://www.argus-tv.com//</summary>
    <summary lang="pl_PL">Klient telewizji dla ARGUS TV http://www.argus-tv.com//</summary>
    <summary lang="pt_BR">Frontend do Kodi para o PVR ARGUS TV http://www.argus-tv.com//</summary>
    <summary lang="pt_PT">Interface Kodi para ARGUS TV PVR http://www.argus-tv.com//</summary>
    <summary lang="ro_RO">Interfața Kodi pentru PVR-ul ARGUS TV http://www.argus-tv.com/</summary>
    <summary lang="ru_RU">Интерфейс Kodi для ARGUS TV PVR http://www.argus-tv.com//</summary>
    <summary lang="si_LK">TV PVR ආරක්ෂාව සඳහා Kodi ඉදිරි කොන http://www.argus-tv.com//</summary>
    <summary lang="sk_SK">Kodi rozhranie pre ARGUS TV PVR http://www.argus-tv.com//</summary>
    <summary lang="sl_SI">Kodijev vmesnik za ARGUS TV PVR http://www.argus-tv.com//</summary>
    <summary lang="sq_AL">Kodi frontend për ARGUS TV PVR http://www.argus-tv.com &amp;</summary>
    <summary lang="sr_RS">Kodi интерфејс за ARGUS ТВ PVR http://www.argus-tv.com//</summary>
    <summary lang="sr_RS@latin">Kodi interfejs za ARGUS TV PVR http://www.argus-tv.com//</summary>
    <summary lang="sv_SE">Kodi frontend för ARGUS TV PVR http://www.argus-tv.com//</summary>
    <summary lang="szl">Klijynt dlŏ ARGUS TV PVR http://www.argus-tv.com//</summary>
    <summary lang="tr_TR">ARGUS TV PVR için Kodi ön ucu http://www.argus-tv.com//</summary>
    <summary lang="uk_UA">Накладка Kodi для ARGUS TV PVR http://www.argus-tv.com//</summary>
    <summary lang="vi_VN">Giao tiếp Kodi cho ARGUS TV PVR http://www.argus-tv.com/</summary>
    <summary lang="zh_CN">Kodi 的 ARGUS TV PVR 前端 http://www.argus-tv.com//</summary>
    <summary lang="zh_TW">ARGUS TV PVR 'http://www.argus-tv.com//' 可使用的Kodi前端</summary>
    <description lang="af_ZA">ARGUS TV PVR voorprogram. Ondersteun stroom van Lewendige TV &amp; Opnames, luister na Radio kanale, EPG en skedules.</description>
    <description lang="be_BY">ARGUS TV PVR frontend. Supports streaming of Live TV &amp; Recordings, listening to Radio channels, EPG and schedules.</description>
    <description lang="bg_BG">ARGUS TV ПВР клиент. Поддържа поточна телевизия и записване, слушане на радио канали, електронен програмен справочник и разписания.</description>
    <description lang="ca_ES">Frontal del PVR ARGUS TV. És compatible amb les transmissions en línia de TV en directe i enregistraments, escolta d'emissores de ràdio, guia electrònica de programació (EPG) i programacions.</description>
    <description lang="cs_CZ">Rozhraní ARGUS TV PVR. Podporuje streamování živého vysílání a nahrávání, poslech kanálů rádia, televizní program a plánování.</description>
    <description lang="cy_GB">Pen blaen ARGUS TV PVR. Mae'n cynnal ffrydio Teledu Byw a Recordiadau, gwrando ar sianeli Radio ac Amserlenni Rhaglenni Electronig.</description>
    <description lang="da_DK">ARGUS TV PVR frontend'en understøtter streaming af direkte TV og optagelser, lytning til radiokanaler, EPG og tidsplaner.</description>
    <description lang="de_DE">ARGUS TV PVR Oberfläche. Unterstützt Live TV &amp; Aufnahmen, Radiokanäle, EPG und Aufnahmepläne.</description>
    <description lang="el_GR">Frontend για το ARGUS TV PVR. Υποστηρίζει ροές Live TV &amp; Εγγραφές, ακρόαση Ραδιοφώνου, EPG και προγραμματισμό.</description>
    <description lang="en_AU">ARGUS TV PVR frontend. Supports streaming of Live TV &amp; Recordings, listening to Radio channels, EPG and schedules.</description>
    <description lang="en_GB">ARGUS TV PVR frontend. Supports streaming of Live TV &amp; Recordings, listening to Radio channels, EPG and schedules.</description>
    <description lang="en_NZ">ARGUS TV PVR frontend. Supports streaming of Live TV &amp; Recordings, listening to Radio channels, EPG and schedules.</description>
    <description lang="en_US">ARGUS TV PVR frontend. Supports streaming of Live TV &amp; Recordings, listening to Radio channels, EPG and schedules.</description>
    <description lang="es_AR">Frontend de ARGUS TV PVR. Soporta transmisiones de TV en Vivo y Grabaciones, escuchar canales de Radio, Guía Electrónica de Programas (GEP) y temporizadores.</description>
    <description lang="es_ES">Frontend de ARGUS TV PVR. Soporta transmisiones de TV en Vivo y Grabaciones, escuchar canales de Radio, Guía Electrónica de Programas (EPG) y temporizadores.</description>
    <description lang="es_MX">Frontend de ARGUS TV PVR. Soporta transmisiones de TV en vivo y grabaciones, escuchar canales de Radio, Guía Electrónica de Programas  y temporizadores.</description>
    <description lang="et_EE">ARGUS TV PVR esi. Toetab telekanalite striimimist ja salvestamist, raadio kuulamist ja elektroonilist saatekava.</description>
    <description lang="fi_FI">ARGUS TV -asiakasohjelma. Tukee suoria tv-lähetyksiä, tallentamista, radiokanavia ja ohjelmaopasta.</description>
    <description lang="fr_CA">Frontal de numériscope pour ARGUS TV, prenant en charge la diffusion en continu des télés en direct &amp; les enregistrements, l'écoute de chaînes radio, le GÉP et les horaires.</description>
    <description lang="fr_FR">Interface logicielle pour l'enregistreur vidéo (PVR) ARGUS TV. Gère la diffusion de la TV en direct, l'enregistrement, l'écoute de radios, le guide électronique des programmes TV et les programmations.</description>
    <description lang="gl_ES">Interface do PVR de ARGUS TV. Soporta transmisión de TV en directo e Gravacións, escoita de canles de radio, Guía e programacións.</description>
    <description lang="he_IL">לקוח טלוויזיה חיה של ARGUS TV PVR. תומך בהזרמת שידורים חיים והקלטות, האזנה לרדיו, הצגת לוח שידורים ותזמון הקלטות.</description>
    <description lang="hr_HR">ARGUS TV PVR pozadinski softver. Podržava stremanje televizije i snimanje, slušanje radio programa, EPG i zakazano snimanje.</description>
    <description lang="hu_HU">ARGUS TV PVR előtét. Élő adások, felvételek és rádiócsatornák támogatása, EPG-vel és időzítésekkel.</description>
    <description lang="hy_AM">ARGUS TV PVR արտաքին տեսքը: TV հիմա, Ձայնագրություններ, Ռադիո ալիքների ունկնդրում, EPG և ժամանակացույցի հնարավորություն:</description>
    <description lang="id_ID">Antarmuka PVR ARGUS TV. Mendukung streaming TV dan Rekaman langsung, mendengarkan kanal radio, EPG dan jadwal.</description>
    <description lang="is_IS">ARGUS TV framendi; styður streymingu á beinum sjónvarpi og upptökum, hlustun á útvarpsstöðvar sjónvarpsvísum (EGP) og dagskráryfirlitum.</description>
    <description lang="it_IT">Frontend ARGUS TV PVR. Supporta lo streaming e la registrazione di Live TV, l'ascolto dei canali radio, la guida ai programmi e gli orari.</description>
    <description lang="ja_JP">ARGUS TV PVR フロントエンドです。テレビ放送のストリーミング、録画、ラジオチャンネルの視聴、EPG、録画予約をサポートしています。</description>
    <description lang="ko_KR">ARGUS TV PVR 프론트엔드. 라이브 TV 스트리밍과 녹화, 라디오 청취, EPG와 예약 지원.</description>
    <description lang="lt_LT">ARGUS TV PVR frontend. Palaiko transliaciją ir įrašus iš Live TV. Klausykite radijo kanalus ir derinkite EPG tvarkaraščius.</description>
    <description lang="lv_LV">ARGUS TV PVR galasistēma. Atbalsta tiešraides TV un ierakstu straumēšanu, radio kanālu klausīšanos, EPG un plānotāju.</description>
    <description lang="mk_MK">ARGUS TV PVR интерфејс. Подржува стриминг на Live TV &amp; Снимки, слушање на радио канали, EPG и планирања.</description>
    <description lang="ms_MY">Bahagian hadapan PVR ARGUS TV; menyokong penstirman TV Langsung &amp; Rakaman, mendengar saluran Radio, EPG dan jadual.</description>
    <description lang="mt_MT">Faċċata tal- ARGUS TV PVR.  Jiflaħ għal streaming ta' TV Lajv u Rekordings, smiegħ ta' stazzjonijiet tar- Radju, EPG u skedi.</description>
    <description lang="nb_NO">ARGUS TV PVR-klientdel Støtter visning av direkte-TV, opptak, lytting til radiokanaler, EPG og tidsopptak.</description>
    <description lang="nl_NL">ARGUS TV PVR frontend. Ondersteunt het bekijken van Live TV en opnames, het beluisteren van radio zenders, het tonen van de EPG en het inplannen/beheren van nieuwe opnames (Timers).</description>
    <description lang="pl_PL">Klient telewizji dla ARGUS TV obsługuje transmisję kanałów radiowych i telewizyjnych, nagrywanie i harmonogram nagrań oraz funkcje przewodnika telewizyjnego.</description>
    <description lang="pt_BR">Frontend do PVR ARGUS TV. Suporta streaming de TV Local &amp; Gravações, sintonização de canais de Rádio, guia de programação eletrônica (GPE) e agendamento.</description>
    <description lang="pt_PT">Interface ARGUS TV PVR. Suporta transmissão e gravação de TV em direto, audição de estações de rádio, EPG e agendamentos.</description>
    <description lang="ro_RO">Frontend PVR ARGUS TV. Suportă difuzare în flux pentru televiziune în direct și pentru înregistrări, ascultarea canalelor radio, EPG și planificări.</description>
    <description lang="ru_RU">Интерфейс для ARGUS TV PVR. Поддерживает просмотр потокового ТВ и видеозаписей, прослушивание радиоканалов и работу с электронным телегидом и расписаниями.</description>
    <description lang="si_LK">ආරක්ෂක TV PVR ඉදිරිකොන. සජීව රූපවාහිනී සහ පටිගත කිරීම්, ගුවන් විදුලි නාලිකාවට සවන් දීම, EPG සහ උපලේඛණ සඳහා ප්‍රවාහන උදව් ලබා දීම.</description>
    <description lang="sk_SK">ARGUS TV PVR rozhranie. Podporuje streamovanie živého TV vysielania a nahrávanie, počúvanie rozhlasových kanálov, EPG a naplánované nahrávanie.</description>
    <description lang="sl_SI">Vmesnik za ARGUS TV PVR; podpira pretakanje televizije v živo &amp; posnetkov, poslušanje radia, EPG in časovnike.</description>
    <description lang="sq_AL">ARGUS TV PVR frontend. Përkrahën transmetimin e Live TV's &amp; Rregjistrime, dëgjimin të radio-kanaleve, EPG'së dhe orarin.</description>
    <description lang="sr_RS">ARGUS ТВ PVR интерфејс. Подржава стримовање ТВ Уживо &amp; Снимака, слушање Радио канала, EPG и распореде.</description>
    <description lang="sr_RS@latin">ARGUS TV PVR interfejs. Podržava strimovanje TV Uživo &amp; Snimaka, slušanje Radio kanala, EPG i rasporede.</description>
    <description lang="sv_SE">ARGUS TV PVR frontend. Stödjer strömmning av direktsänd TV &amp; inspelningar, lyssna på radiokanaler, EPG och schemaläggning.</description>
    <description lang="szl">Klijynt telewizyjny dlŏ ARGUS TV PVR podpiyrŏ szpricowanie kanałōw radyjowych i telewizyjnych, nagrowanie aji funkcyje EPG.</description>
    <description lang="tr_TR">ARGUS TV PVR ön ucu. Canlı TV akışı ve kayıt yapabilme, radyo kanalları dinleme, EPG ve zamanlayıcıları destekler.</description>
    <description lang="uk_UA">Накладка для ARGUS TV. Підтримує потокове Live TV і запис, прослуховування радіо каналів, телегід та планування.</description>
    <description lang="vi_VN">Giao tiếp PVR cho ARGUS TV. Hỗ trợ trực tuyến của Live TV và Recordings, nghe Đài phát thanh (Radio), EPG và lịch trình (Schedules).</description>
    <description lang="zh_CN">ARGUS TV PVR 前端。支持直播电视和录像流媒体、收听电台、电子节目单及计划任务功能。</description>
    <description lang="zh_TW">ARGUS TV PVR前端。支援的串流媒體包括有：電視直播和節目錄影，收聽廣播頻道，電子節目表和時間表。</description>
    <disclaimer lang="af_ZA">Hierdie is onstabiele sagteware! Die outeurs is op geen manier verantwoordelik vir gefaalde opnames, inkorrekte tydhouers, gemorsde ure, of enige ander ongewensde effekte.</disclaimer>
    <disclaimer lang="be_BY">This is unstable software! The authors are in no way responsible for failed recordings, incorrect timers, wasted hours, or any other undesirable effects..</disclaimer>
    <disclaimer lang="bg_BG">Тази програма е нестабилна! Авторите не носят отговорност за неуспешно записване, некоректни броячи, пропиляното време и други нежелани ефекти.</disclaimer>
    <disclaimer lang="ca_ES">Aquest és programari inestable! Els autors no són de cap manera responsables dels enregistraments que fallin, temporitzadors incorrectes, hores perdudes, o qualsevol altre efecte indesitjat..</disclaimer>
    <disclaimer lang="cs_CZ">Tento software není stabilní! Autoři nejsou žádným způsobem zodpovědní za neúspěšná nahrávání, chybné časovače, ztracený čas nebo jakékoliv jiné nežádoucí výsledky...</disclaimer>
    <disclaimer lang="cy_GB">Mae'r feddalwedd hon yn ansefydlog! Nid yw'r awduron yn gyfrifol mewn unrhyw ffordd am fethu recordio, amseru gwallus, oriau wedi eu gwastraffu, nac effeithiau annymunol eraill.</disclaimer>
    <disclaimer lang="da_DK">Dette er ustabil software! Ophavsmændene er på ingen måde ansvarlige for mislykkede optagelser, fejlagtige timere, spildte timer, eller andre uønskede konsekvenser.</disclaimer>
    <disclaimer lang="de_DE">Dies ist instabile Software! Die Autoren sind in keiner Weise verantwortlich für fehlgeschlagene Aufnahmen, falsche Timer, verschwendete Zeit oder andere ungewünschte Effekte.</disclaimer>
    <disclaimer lang="el_GR">Ασταθές πρόγραμμα! Οι δημιουργοί δεν είναι σε καμία περίπτωση υπεύθυνοι για αποτυχημένες εγγραφές, λανθασμένους χρονοδιακόπτες, χαμένες ώρες, ή κάθε είδους ανεπιθύμητα αποτελέσματα..</disclaimer>
    <disclaimer lang="en_AU">This is unstable software! The authors are in no way responsible for failed recordings, incorrect timers, wasted hours, or any other undesirable effects..</disclaimer>
    <disclaimer lang="en_GB">This is unstable software! The authors are in no way responsible for failed recordings, incorrect timers, wasted hours, or any other undesirable effects..</disclaimer>
    <disclaimer lang="en_NZ">This is unstable software! The authors are in no way responsible for failed recordings, incorrect timers, wasted hours, or any other undesirable effects..</disclaimer>
    <disclaimer lang="en_US">This is unstable software! The authors are in no way responsible for failed recordings, incorrect timers, wasted hours, or any other undesirable effects..</disclaimer>
    <disclaimer lang="es_AR">¡Este software es inestable! Los autores no se responsabilizan por grabaciones fallidas, temporizadores incorrectos, horas perdidas, o cualquier otro efecto no deseado..</disclaimer>
    <disclaimer lang="es_ES">¡Este software es aún inestable! Los autores no son responsables en forma alguna por grabaciones fallidas, temporizaciones incorrectas, tiempo perdido o ningún otro efecto no deseado.</disclaimer>
    <disclaimer lang="es_MX">¡Esto es software inestable! Los autores no son de ninguna manera responsables por grabaciones fallidas, temporizadores incorrectos, horas perdidas o cualquier otro efecto no deseado...</disclaimer>
    <disclaimer lang="et_EE">See on ebastabiilne tarkvara! Autorid ei ole kuidagi moodi vastutavad nurjunud salvestiste, ebaõige aegrelee, raisatud tundide ega muude soovimatute asjade eest.</disclaimer>
    <disclaimer lang="fi_FI">Tämä on epävakaa ohjelma! Sen tekijät eivät ole millään muotoa vastuussa epäonnistuneista tallennuksista, virheellisistä ajastuksista, haaskatusta ajasta, verenpaineen noususta tai mistään muusta epäsuotuisasta vaikutuksesta.</disclaimer>
    <disclaimer lang="fr_CA">Ce logiciel est instable! Les auteurs ne sont aucunement responsables des enregistrements défaillants, des minuteries erronées, des heures perdues ou tout autre effet indésirable.</disclaimer>
    <disclaimer lang="fr_FR">Logiciel en cours d'élaboration ! Les auteurs ne sont en aucun cas responsables de l'échec des enregistrements, programmations défectueuses, temps perdu ou autres effets indésirables.</disclaimer>
    <disclaimer lang="gl_ES">Software non estable, os autores non se fan responsábeis dos erros nas gravacións, temporizadores incorrectos, e outros efectos non desexados.</disclaimer>
    <disclaimer lang="he_IL">זוהי איננה הרחבה יציבה! המפתחים אינם אחראים על כשלון בניגון, זמנים שגויים במדריך השידורים, שעות מבוזבזות או כל תופעה לא רצויה אחרת.</disclaimer>
    <disclaimer lang="hr_HR">Ovo je nestabilan softver! Autori nisu ni na koji način odgovorani za neuspjelo snimanje, netočna zakazana snimanja, izgubjene sate, ili bilo koje druge neželjene učinke ..</disclaimer>
    <disclaimer lang="hu_HU">Ez nem stabil szoftver! A készítők nem vállalnak felelősséget, a hibás felvételért, rossz időzítésért, elvesztegetett időért...</disclaimer>
    <disclaimer lang="hy_AM">Սա անկայուն ծրագրային ապահովում է: Հեղինակները պատասխանատու չեն վատ ձայնագրումների, սխալ ժամանակացույցերի, կորած ժամանակի կամ այլ ոչ ցանկալի երևույթների համար:</disclaimer>
    <disclaimer lang="id_ID">Ini merupakan software yang tidak stabil! Penulis tidak bertanggung jawab untuk rekaman gagal, timer salah, waktu terbuang, atau efek tak diinginkan lainnya...</disclaimer>
    <disclaimer lang="is_IS">Þetta er óstöðugur hugbúnaður! Höfundarnir eru á engan hátt ábyrgir fyrir misheppnuðum upptökum, röngum upptökutímum, klukkustundum sem að fóru í súginn eða nokkrum öðrum óæskilegum áhrifum.</disclaimer>
    <disclaimer lang="it_IT">Questo software è instabile! Gli autori non sono in alcun modo responsabili per registrazioni fallite, timers incorretti, ore perse, o qualsiasi altro effetto indesiderato.</disclaimer>
    <disclaimer lang="ja_JP">これは不安定なソフトウェアです！本プログラムの作者は、録画の失敗、正確に作動しなかったタイマー、無駄にした時間、その他あらゆる好ましくない結果について責任を負わないものとします。</disclaimer>
    <disclaimer lang="ko_KR">이 소프트웨어는 불안정합니다! 제작자는 녹화 실패, 부정확한 타이머, 시간 낭비 및 기타 예상하지 못한 결과에 대해 책임지지 않습니다..</disclaimer>
    <disclaimer lang="lt_LT">Tai yra nestabili programinė įranga! Autorius jokiu būdu neatsakingas už nepavykusius įrašus, neteisingus laikmačius, iššvaistytas valandas, ar nutikus kitiems nepageidaujamiems poveikiams ...[COLOR=red](Kodi.lt siūlo/rekomenduoja testuojant šį priedą persijungti į Anglų [orinali] kalbą)[/COLOR]</disclaimer>
    <disclaimer lang="lv_LV">Šī ir nestabila programmatūra! Autori nav atbildīgi par nesanākušiem ierakstiem, nepareiziem taimeriem, iztērētām stundām vai jebkādiem citiem nevēlamiem efektiem..</disclaimer>
    <disclaimer lang="mk_MK">Ова е нестабилен софтвер! Авторите на ниту еден начин не одговараат за неуспешни снимки, неточни тајмери, потрошени часови, или било кои други несакани ефекти.</disclaimer>
    <disclaimer lang="mn_MN">Тус програм нь гүйцэд хийгдэж дуусаагүй! Зохиогч нь алдаатай бичлэг, цагийн буруу хөтлөлт, алдагдсан цаг хугацаа эсвэл бусад ямар нэгэн хүсээгүй үр дүнд хариуцлага хүлээхгүй.</disclaimer>
    <disclaimer lang="ms_MY">Ini merupakan perisian tidak stabil! Pengarang tidak bertanggungjawab atas kegagalan rakaman, pemasa tidak betul, masa yang dibazirkan, atau apa jua kesan yang tidak dikehendaki..</disclaimer>
    <disclaimer lang="mt_MT">Dan il-programm mhuwiex stabbli! L-Awturi m'humiex responsabbli bl-ebda mod għal rekordings li ma jirnexxewx, arloġġi żbaljati, siegħat moħlija, jew kwalunkwe effett ieħor mhux mixtieq.</disclaimer>
    <disclaimer lang="nb_NO">Dette er ustabil programvare! Skaperne har på ingen måte ansvar for ødelagte opptak, feilstilte tidsur, bortkastede timer, eller andre uønskede effekter…</disclaimer>
    <disclaimer lang="nl_NL">Deze software is niet 100% stabiel! De auteurs zijn op geen enkele wijze aansprakelijk voor mislukte opnames, verspilde tijd, of enig ander ongewild neveneffect..</disclaimer>
    <disclaimer lang="pl_PL">Oprogramowanie nadal jest w fazie rozwoju i jest niestabilne! Autorzy w żaden sposób nie są odpowiedzialni za nieudane nagrania, błędy w harmonogramie nagrań, zmarnowany czas ani jakiekolwiek inne niepożądane efekty.</disclaimer>
    <disclaimer lang="pt_BR">Este é um software instável! Os autores não são responsáveis por falhas nas gravações, agendamentos incorretos, horas desperdiçadas, ou quaisquer outros efeitos indesejáveis.</disclaimer>
    <disclaimer lang="pt_PT">Este software é instável! Os autores não podem ser responsabilizados por gravações falhadas, temporizadores incorretos, horas desperdiçadas ou qualquer outro tipo de efeitos indesejáveis...</disclaimer>
    <disclaimer lang="ro_RO">Acesta nu este o aplicație definitivă! Autorii nu sunt în nici un fel responsabili pentru înregistrări eșuate, cronometre incorecte, ore pierdute, sau orice alte efecte nedorite...</disclaimer>
    <disclaimer lang="ru_RU">Это нестабильная программа! Авторы не несут ответственности за неудачные записи, неверные таймеры, потраченное время и прочие нежелательные эффекты.</disclaimer>
    <disclaimer lang="si_LK">මෙය අස්ථිර මෘදුකාංගයකි! මෙහි සිදුවන පටිගත කිරීම් අසාර්ථක වීම්, සාවද්‍ය මුහුර්තක, නාස්ති වූ කාලයන්, හෝ වෙනත් යමිකිසි නුසුදුසු බලපෑම් සඳහා කතෘ වග කියනු නොලැබේ.</disclaimer>
    <disclaimer lang="sk_SK">Tento softvér nie je stabilný! Autori nenesú žiadnu zodpovednosť za chybné nahrávky, nesprávne časovače alebo iné neželané udalosti..</disclaimer>
    <disclaimer lang="sl_SI">To je nestabilna programska oprema! Avtorji niso odgovorni za neuspela snemanja, nepravilne časovnike, zapravljen čas in katerikoli drug neželen učinek...</disclaimer>
    <disclaimer lang="sq_AL">Ky program nuk është ende stabil! Autorët së këtij programi nuk janë në as një menyr përgjegjës për rregistrime të gabuara, timer të pasaktë, kohë të humbur ose efekte të tillë të padëshirueshëm.</disclaimer>
    <disclaimer lang="sr_RS">Овај софтвер је нестабилан! Аутори ни на који начин нису одговорни за неуспела снимања, неисправне тајмере, изгубљене сате, или било које друге нежељене ефекте.</disclaimer>
    <disclaimer lang="sr_RS@latin">Ovaj softver je nestabilan! Autori ni na koji način nisu odgovorni za neuspela snimanja, neispravne tajmere, izgubljene sate, ili bilo koje druge neželjene efekte.</disclaimer>
    <disclaimer lang="sv_SE">Detta är ostabil mjukvara! Upphovsmännen är inte ansvariga för misslyckade inspelningar, inkorrekta timers, bortslösade timmar, eller några andra oönskade effekter..</disclaimer>
    <disclaimer lang="szl">To je niystabilny softwer! Autōry niy sōm ôdpedzialne za niypodarzōne graniy, niynŏleżne godziny EPG, stracōne godziny i inksze niychciane efekty.</disclaimer>
    <disclaimer lang="te_IN">ఇది అస్థిర సాఫ్ట్వేర్! విఫలమైన రికార్డింగ్లు, తప్పు టైమర్లు, వృధా గంటల, లేదా ఏ ఇతర అవాంఛనీయ ప్రభావాలకు ఏ విధంగా రచయితలు భాద్యుతులు కారు.</disclaimer>
    <disclaimer lang="tg_TJ">Ин нармафзори ноустувор аст! Муаллифон барои вайрониҳои сабт, вақтсанҷҳои нодуруст, соатҳои бефоида ва дигар таъсирҳои номатлуб ҷавобгар намебошанд.</disclaimer>
    <disclaimer lang="th_TH">นี่คือโปรแกรมที่ยังไม่เสถียร! ผู้เขียนไม่อยู่ในทางที่จะรับผิดชอบในการบันทึกที่ล้มเหลว, การตั้งเวลาที่ไม่ถูกต้อง, การเสียเวลา, หรือผลกระทบที่ไม่พึงประสงค์อื่น ๆ..</disclaimer>
    <disclaimer lang="tr_TR">Bu kararsız bir yazılımdır! Yapımcılar hatalı kayıtlardan, bozuk sürelerden, harcanan vakitten veya herhangi bir olumsuz etkiden dolayı sorumlu tutulamaz.</disclaimer>
    <disclaimer lang="uk_UA">Це нестабільна програма! Автори не несуть відповідальності за попсуті записи, неправильні таймери, втрачений час та інші небажані ефекти.</disclaimer>
    <disclaimer lang="vi_VN">Đây là phần mềm không ổn định! Các tác giả sẽ không chịu trách nhiệm nào với các bản ghi thất bại, bị đặt giờ sai, giờ lãng phí, hoặc các tác dụng không mong muốn khác..</disclaimer>
    <disclaimer lang="zh_CN">这是不稳定版的软件！作者不对录像失败、错误定时造成时间浪费或其它不良影响负责。</disclaimer>
    <disclaimer lang="zh_TW">這是測試版軟體！其原創作者並無法對於以下情況負責，包含：錄影失敗，不正確的定時設定，多餘時數，或任何產生的其它不良影響...</disclaimer>
    <platform>linux</platform>
  </extension>
</addon>
