<?xml version="1.0" encoding="UTF-8"?>
<addon
  id="audiodecoder.ssf"
  version="1.1.0"
  name="SSF/DSF Audio Decoder"
  provider-name="spiff">
  <requires>
    <import addon="kodi.audiodecoder" version="1.0.0"/>
  </requires>
  <extension
    point="kodi.audiodecoder"
    name="ssf"
    extension=".ssf|.minissf|.minidsf"
    tags="true"
    library_linux="audiodecoder.ssf.so.1.1.0"/>
  <extension point="xbmc.addon.metadata">
    <summary lang="en">SSF/DSF Audio Decoder</summary>
    <description lang="en">SSF/DSF Audio Decoder</description>
    <platform>linux</platform>
  </extension>
</addon>
