<?xml version="1.0" encoding="UTF-8" standalone="yes"?>
<addon id="game.libretro" name="Libretro Compatibility" version="1.0.29.100" provider-name="Team-Kodi">
  <backwards-compatibility abi="1.0.0"/>
  <requires>
    <import addon="kodi.game" version="1.0.29"/>
  </requires>
  <extension point="kodi.gameclient" library_linux="game.libretro.so.1.0.29">
	</extension>
  <extension point="xbmc.addon.metadata">
    <summary lang="en">Libretro compatibility layer for Kodi's Game API</summary>
    <description>This add-on provides a wrapper for libretro cores, allowing them to be loaded as game add-ons.</description>
    <platform>linux</platform>
    <nofanart>true</nofanart>
  </extension>
</addon>
