<?xml version="1.0" encoding="UTF-8"?>
<addon
  id="audiodecoder.ncsf"
  version="1.1.1"
  name="NCSF Audio Decoder"
  provider-name="spiff">
  <requires>
    <import addon="kodi.audiodecoder" version="1.0.0"/>
  </requires>
  <extension
    point="kodi.audiodecoder"
    name="ncsf"
    extension=".minincsf"
    tags="true"
    library_linux="audiodecoder.ncsf.so.1.1.1"/>
  <extension point="xbmc.addon.metadata">
    <summary lang="en">NCSF Audio Decoder</summary>
    <description lang="en">NCSF Audio Decoder</description>
    <platform>linux</platform>
  </extension>
</addon>
