<?xml version="1.0" encoding="UTF-8"?>
<addon id="audiodecoder.wsr" version="2.0.0.3" name="WSR Audio Decoder" provider-name="spiff">
  <requires>
    <import addon="kodi.binary.global.main" version="1.0.14"/>
    <import addon="kodi.binary.global.general" version="1.0.3"/>
    <import addon="kodi.binary.global.filesystem" version="1.0.2"/>
    <import addon="kodi.binary.instance.audiodecoder" version="2.0.0"/>
  </requires>
  <extension point="kodi.audiodecoder" name="wsr" extension=".wsr|.wsrstream" tracks="true" library_linux="audiodecoder.wsr.so.2.0.0"/>
  <extension point="xbmc.addon.metadata">
    <summary lang="en">WSR Audio Decoder</summary>
    <description lang="en">WSR Audio Decoder</description>
    <platform/>
  </extension>
</addon>
