<?xml version="1.0" encoding="UTF-8"?>
<addon
  id="inputstream.adaptive"
  version="1.0.1"
  name="InputStream Adaptive"
  provider-name="peak3d">
  <requires>
    <import addon="kodi.inputstream" version="1.0.6"/>
  </requires>
  <extension
    point="kodi.inputstream"
    name="adaptive"
    extension=""
    tags="true"
    listitemprops="license_type|license_key|license_data|manifest_type"
    library_linux="inputstream.adaptive.so.1.0.1"/>
  <extension point="xbmc.addon.metadata">
    <summary lang="en">InputStream client for adaptive streams</summary>
    <description lang="en">InputStream client for adaptive streams</description>
    <platform>linux</platform>
  </extension>
</addon>
