<?xml version="1.0" encoding="UTF-8" standalone="yes"?>
<addon id="service.webgrabplus"
       name="WebGrab+Plus"
       version="9.1.100"
       provider-name="Team LibreELEC">
  <requires>
    <import addon="os.libreelec.tv" version="9.0"/>
    <import addon="xbmc.python" version="2.1.0"/>

  </requires>
  <extension point="xbmc.service" library="default.py">
    <provides></provides>
  </extension>
  <extension point="xbmc.addon.metadata">
    <summary>Add-on removed</summary>
    <description>
Add-on removed
    </description>
    <disclaimer>

    </disclaimer>
    <broken>
Webgrab++ is no longer maintained and has been removed.
    </broken>
    <platform>all</platform>
    <news>

    </news>
    <assets>
      <icon>resources/icon.png</icon>
      <fanart>resources/fanart.png</fanart>

    </assets>
  </extension>
</addon>
