<?xml version="1.0" encoding="UTF-8"?>
<addon id="game.libretro.tgbdual" name="Game Boy / Game Boy Color (TGB Dual)" version="0.8.3.100" provider-name="Libretro">
  <requires>
    <import addon="game.libretro" version="1.0.0"/>
  </requires>
  <extension point="kodi.gameclient" library_linux="game.libretro.tgbdual.so">
    <platforms>gb|gbc</platforms>
    <extensions>gb|gbc|sgb</extensions>
    <supports_vfs>true</supports_vfs>
    <supports_standalone>false</supports_standalone>
    <supports_keyboard>false</supports_keyboard>
    <supports_mouse>false</supports_mouse>
  </extension>
  <extension point="xbmc.addon.metadata">
    <summary lang="en">Game Boy / Game Boy Color (TGB Dual) v0.8.3</summary>
    <description>Source: https://github.com/libretro/tgbdual-libretro

Supported files: .gb, .gbc, .sgb</description>
    <license>GPLv2</license>
    <platform>linux</platform>
    <assets>
      <screenshot>resources/screenshot-01.jpg</screenshot>
      <screenshot>resources/screenshot-02.jpg</screenshot>
      <screenshot>resources/screenshot-03.jpg</screenshot>
    </assets>
  </extension>
</addon>
