<?xml version="1.0" encoding="UTF-8" standalone="yes"?>
<addon id="script.config.vdr"
       name="VDR Configuration"
       version="8.1.100"
       provider-name="libreelec.tv">
   <requires>
     <import addon="os.libreelec.tv" version="8.0"/>
     <import addon="xbmc.python" version="2.1.0"/>
  </requires>
  <extension point="xbmc.python.pluginsource" library="default.py">
    <provides>executable</provides>
  </extension>
  <extension point="xbmc.addon.metadata">
    <summary lang="de">VDR-Sendersuchlauf und DiSEqC-Konfiguration</summary>
    <summary lang="en">VDR channel scan and Diseqc Configuration</summary>
    <summary lang="en_US">VDR channel scan and DiSEqC Configuration</summary>
    <summary lang="lt">VDR kanalų paieška ir Diseqc konfigūravimas</summary>
    <summary lang="nl">VDR kanaal scan en Diseqc configuratie</summary>
    <summary lang="pl">Skanowanie kanałów i konfiguracja Diseqc</summary>
    <summary lang="pt_BR">Escanear canais VDR e Configuração Diseqc</summary>
    <description lang="de">VDR-Sendersuchlauf und DiSEqC-Konfiguration</description>
    <description lang="en">VDR channel scan and Diseqc Configuration</description>
    <description lang="en_US">VDR channel scan and DiSEqC Configuration</description>
    <description lang="lt">VDR kanalų paieška ir Diseqc konfigūravimas</description>
    <description lang="nl">VDR kanaal scan en Diseqc configuratie</description>
    <description lang="pl">Skanowanie kanałów i konfiguracja Diseqc</description>
    <description lang="pt_BR">Escanear canais VDR e Configuração Diseqc</description>
    <language></language>
    <platform>all</platform>
    <news>
100
- fix addon icons

1.1.3
- fix indexing of lines read from sources.conf

1.1.2
- fixed missing version bumps from 1.1.1

1.1.1
- change the addon icon

1.1.0
- initial LibreELEC version
    </news>
    <assets>
    <icon>resources/icon.png</icon>
    <fanart>resources/fanart.png</fanart>

    </assets>
  </extension>
</addon>
