﻿<?xml version="1.0" encoding="UTF-8" standalone="yes"?>
<addon id="script.moonlight"
       name="Moonlight"
       version="7.0.103"
       provider-name="libreelec.tv">
  <requires>
    <import addon="os.libreelec.tv" version="7.0"/>
    <import addon="xbmc.python" version="2.1.0"/>

  </requires>
  <extension point="xbmc.python.pluginsource" library="addon.py">
    <provides>executable</provides>
  </extension>
  <extension point="xbmc.service">
  </extension>
  <extension point="xbmc.addon.metadata">
    <summary>Moonlight: implementation of NVIDIA's GameStream protocol</summary>
    <description>
Moonlight (2.2.2): allows you to stream your collection of games from your PC (with NVIDIA Gamestream) to your device and play them remotely
    </description>
    <disclaimer>

    </disclaimer>
    <platform>all</platform>
  </extension>
</addon>
