<?xml version="1.0" encoding="UTF-8"?>
<addon
  id="audiodecoder.upse"
  version="1.1.0"
  name="PSF Audio Decoder"
  provider-name="spiff">
  <requires>
    <import addon="kodi.audiodecoder" version="1.0.0"/>
  </requires>
  <extension
    point="kodi.audiodecoder"
    name="psf"
    extension=".psf|.minipsf"
    tags="true"
    library_linux="audiodecoder.upse.so.1.1.0"/>
  <extension point="xbmc.addon.metadata">
    <summary lang="en">PSF Audio Decoder</summary>
    <description lang="en">PSF Audio Decoder</description>
    <platform>linux</platform>
  </extension>
</addon>
