<?xml version="1.0" encoding="UTF-8"?>
<addon
  id="audiodecoder.gsf"
  version="1.1.0"
  name="GSF Audio Decoder"
  provider-name="spiff">
  <requires>
    <import addon="kodi.audiodecoder" version="1.0.0"/>
  </requires>
  <extension
    point="kodi.audiodecoder"
    name="gsf"
    extension=".minigsf"
    tags="true"
    library_linux="audiodecoder.gsf.so.1.1.0"/>
  <extension point="xbmc.addon.metadata">
    <summary lang="en">GSF Audio Decoder</summary>
    <description lang="en">GSF Audio Decoder</description>
    <platform>linux</platform>
  </extension>
</addon>
