<?xml version="1.0" encoding="UTF-8"?>
<addon id="inputstream.adaptive" version="2.0.18.0" name="InputStream Adaptive" provider-name="peak3d">
  <requires/>
  <extension point="kodi.inputstream" name="adaptive" extension="" tags="true" listitemprops="license_type|license_key|license_data|manifest_type|server_certificate|stream_headers|manifest_update_parameter" library_linux="inputstream.adaptive.so.2.0.18"/>
  <extension point="xbmc.addon.metadata">
    <summary lang="en">InputStream client for adaptive streams</summary>
    <description lang="en">InputStream client for adaptive streams</description>
    <platform>linux</platform>
  </extension>
</addon>
