<?xml version="1.0" encoding="UTF-8"?>
<addon
  id="audiodecoder.snesapu"
  version="1.1.0"
  name="SPC Audio Decoder"
  provider-name="spiff">
  <requires>
    <import addon="kodi.audiodecoder" version="1.0.0"/>
  </requires>
  <extension
    point="kodi.audiodecoder"
    name="spc"
    extension=".spc"
    tags="true"
    library_linux="audiodecoder.snesapu.so.1.1.0"/>
  <extension point="xbmc.addon.metadata">
    <summary lang="en">SPC Audio Decoder</summary>
    <description lang="en">SPC Audio Decoder</description>
    <platform>linux</platform>
  </extension>
</addon>
