<?xml version="1.0" encoding="UTF-8"?>
<addon
  id="audiodecoder.fluidsynth"
  version="1.1.0"
  name="FluidSynth MIDI Audio Decoder"
  provider-name="spiff">
  <requires>
    <import addon="kodi.audiodecoder" version="1.0.0"/>
  </requires>
  <extension
    point="kodi.audiodecoder"
    name="fluid"
    extension=".mid|.kar"
    library_linux="audiodecoder.fluidsynth.so.1.1.0"/>
  <extension point="xbmc.addon.metadata">
    <summary lang="en">FluidSynth MIDI Audio Decoder</summary>
    <description lang="en">FluidSynth MIDI Audio Decoder</description>
    <platform>linux</platform>
  </extension>
</addon>
