<?xml version="1.0" encoding="UTF-8"?>
<addon id="game.libretro.bnes" name="Nintendo - NES / Famicom (bnes)" version="0.83.0.3.112" provider-name="Libretro">
  <requires>
    <import addon="game.libretro" version="1.0.0"/>
    <import addon="game.controller.nes" version="1.0.0"/>
  </requires>
  <extension point="kodi.gameclient" library_linux="game.libretro.bnes.so">
    <platforms>NES</platforms>
    <extensions>nes</extensions>
    <supports_vfs>true</supports_vfs>
    <supports_standalone>false</supports_standalone>
  </extension>
  <extension point="xbmc.addon.metadata">
    <summary lang="en_GB">Nintendo - NES / Famicom (bnes) v083</summary>
    <description lang="en_GB">libretro port of bNES, a NES emulator.

Authors: byuu, Ryphecha.

Supported files: .nes</description>
    <license>GPLv3</license>
    <platform/>
    <source>https://github.com/kodi-game/game.libretro.bnes</source>
    <assets>
      <icon>resources/icon.png</icon>
      <screenshot>resources/screenshot-01.jpg</screenshot>
      <screenshot>resources/screenshot-02.jpg</screenshot>
      <screenshot>resources/screenshot-03.jpg</screenshot>
    </assets>
  </extension>
</addon>
