<?xml version="1.0" encoding="UTF-8" standalone="yes"?>
<addon id="service.multimedia.boblightd"
       name="Boblight"
       version="7.0.101"
       provider-name="libreelec.tv">
  <requires>
    <import addon="os.libreelec.tv" version="7.0"/>
    <import addon="xbmc.python" version="2.1.0"/>

  </requires>
  <extension point="xbmc.service" library="default.py">
    <provides></provides>
  </extension>
  <extension point="xbmc.addon.metadata">
    <summary>Boblight: an AmbiLight controller</summary>
    <description>
Boblight(478) is an opensource AmbiLight implementation.
    </description>
    <disclaimer>

    </disclaimer>
    <platform>all</platform>
  </extension>
</addon>
