<?xml version="1.0" encoding="UTF-8"?>
<addon
  id="audiodecoder.stsound"
  version="1.1.0"
  name="YM Audio Decoder"
  provider-name="spiff">
  <requires>
    <import addon="kodi.audiodecoder" version="1.0.0"/>
  </requires>
  <extension
    point="kodi.audiodecoder"
    name="ym"
    extension=".ym"
    tags="true"
    library_linux="audiodecoder.stsound.so.1.1.0"/>
  <extension point="xbmc.addon.metadata">
    <summary lang="en">YM (spectrum) Audio Decoder</summary>
    <description lang="en">YM (spectrum) Audio Decoder</description>
    <platform>linux</platform>
  </extension>
</addon>
