<?xml version="1.0" encoding="UTF-8"?>
<addon id="pvr.filmon" version="1.4.7.1" name="PVR Filmon Client" provider-name="Stephen Denham">
  <requires>
    <c-pluff version="0.1"/>
    <import addon="xbmc.pvr" version="5.2.1"/>
  </requires>
  <extension point="xbmc.pvrclient" library_linux="pvr.filmon.so.1.4.7"/>
  <extension point="xbmc.addon.metadata">
    <summary lang="af_ZA">Filmon PVR Kliënt</summary>
    <summary lang="bg_BG">Filmon ПВР клиент</summary>
    <summary lang="ca_ES">Client PVR Filmon</summary>
    <summary lang="cs_CZ">Klient PVR Filmon</summary>
    <summary lang="cy_GB">Cleient Recordydd Fideo Personol Filmon</summary>
    <summary lang="da_DK">Filmon PVR-klient</summary>
    <summary lang="de_DE">Filmon PVR-Client</summary>
    <summary lang="el_GR">Πελάτης PVR Filmon</summary>
    <summary lang="en_AU">Filmon PVR Client</summary>
    <summary lang="en_GB">Filmon PVR Client</summary>
    <summary lang="en_NZ">Filmon PVR Client</summary>
    <summary lang="en_US">Filmon PVR Client</summary>
    <summary lang="es_AR">Cliente PVF Filmon</summary>
    <summary lang="es_ES">Cliente PVR Filmon</summary>
    <summary lang="es_MX">Cliente Filmon PVR</summary>
    <summary lang="fi_FI">Kodin Filmon-asiakasohjelma</summary>
    <summary lang="fr_CA">Client de numériscope Filmon</summary>
    <summary lang="fr_FR">Client enregistreur vidéo (PVR) Filmon</summary>
    <summary lang="gl_ES">Cliente PVR Filmon</summary>
    <summary lang="he_IL">לקוח טלוויזיה חיה עבור Filmon</summary>
    <summary lang="hr_HR">Filmon PVR klijent</summary>
    <summary lang="hu_HU">Filmon PVR Kliens</summary>
    <summary lang="id_ID">Client Filmon PVR</summary>
    <summary lang="is_IS">Filmon PVR Biðlari</summary>
    <summary lang="it_IT">Client PVR Filmon</summary>
    <summary lang="ja_JP">Filmon 用 PVR クライアント</summary>
    <summary lang="ko_KR">Filmon PVR 클라이언트</summary>
    <summary lang="lt_LT">Filmon PVR klientas</summary>
    <summary lang="lv_LV">Filmon PVR klients</summary>
    <summary lang="mk_MK">Filmon PVR Client</summary>
    <summary lang="mn_MN">Filmon PVR харилцагч</summary>
    <summary lang="ms_MY">Klien PVR Filmon</summary>
    <summary lang="mt_MT">Filmon PVR Client</summary>
    <summary lang="nb_NO">Filmon PVR-klient</summary>
    <summary lang="nl_NL">Filmon PVR-cliënt</summary>
    <summary lang="pl_PL">Klient telewizji dla FilmOn</summary>
    <summary lang="pt_BR">Cliente de PVR Filmon</summary>
    <summary lang="pt_PT">Cliente PVR Filmon</summary>
    <summary lang="ro_RO">Client VR Filmon</summary>
    <summary lang="ru_RU">Клиент PVR Filmon</summary>
    <summary lang="sk_SK">Filmon PVR klient</summary>
    <summary lang="sl_SI">Odjemalec PVR Filmon</summary>
    <summary lang="sr_RS">Filmon PVR клијент</summary>
    <summary lang="sr_RS@latin">Filmon PVR klijent</summary>
    <summary lang="sv_SE">PVR-klienten Filmon</summary>
    <summary lang="szl">Klijynt PVR Filmon</summary>
    <summary lang="ta_IN">Filmon PVR Client</summary>
    <summary lang="te_IN">Filmon PVR క్లయింట్</summary>
    <summary lang="tr_TR">Filmon PVR İstemcisi</summary>
    <summary lang="zh_CN">Filmon PVR 客户端</summary>
    <summary lang="zh_TW">Filmon PVR 用戶端</summary>
    <description lang="af_ZA">Filmon voorkant. Ondersteun lewendige TV, opnames, EPG. Vereis 'n Filmon subskripsie. Voor in staat stel: (a) in Filmon stel die kanale as gunsteling om hulle in Kodi te sien. (b) Vul jou gebruikersnaam en wagwoord in hierdie byvoegsel se verstellings in. Nota: Opnames kan verskeie minute vat om te verskyn na die tydhouer klaar is.</description>
    <description lang="bg_BG">Filmon клиент. Поддържа телевизия, записи и електронен програмен справочник. Изисква абонамент за Filmon. Преди да включите: (а) Във Filmon, задайте каналите като любими, за да ги видите в Kodi (б) Въведете потребителското си име и паролата си в настройките на тази добавка. Забележка: записите може да се появят след няколко минути, след като броячът изтече.</description>
    <description lang="ca_ES">Frontal de Filmon. És compatible amb la TV en directe, enregistraments, guia electrònica de programació (EPG). Requereix una subscripció a Filmon. Abans d'activar: (a) En Filmon, configureu els canals com a preferits per veure'ls a Kodi (b) Configureu aquest complement amb el vostre usuari i contrasenya. Nota: Els enregistraments poden trigar diversos minuts a aparèixer després de finalitzar-se el comptador.</description>
    <description lang="cs_CZ">Rozhraní Filmon. Podporuje živé vysílání, nahrávání, televizní program. Vyžaduje předplatné Filmon. Před povolením: (a) nastavte ve Filmonu kanály jako oblíbené, abyste je viděli v Kodi (b) zadejte své uživatelské jméno a heslo v nastavení tohoto doplňku. Poznámka: nahrávky se mohou objevit až za několi minut po dokončení časovače.</description>
    <description lang="cy_GB">Blaen Filmon. Mae'n cynnal teledu byw, recordiadau, a chanllawiau rhaglenni electronig. Bydd angen tanysgrifiad Filmon. Cyn ei alluogi: (a) yn Filmon mae angen gosod sianeli yn ffefrynnau i'w gweld nhw yn Kodi (b) rhowch eich enw defnyddiwr a chyfrinair yng ngosodiadau'r ychwanegyn. Sylwer: gall recordiad gymryd rhai munudau i ymddangos wedi i'r amserydd gwblhau ei waith.</description>
    <description lang="da_DK">Filmonbrugerflade. Understøtter live tv, optagelser, EPG. Kræver Filmonabonnement . Før anvendelse: (a) vælg favoritkanaler for at se dem i Kodi. (b) Indtast brugernavn og adgangskode i udvidelsens indstillinger. Husk at der kan gå flere minutter før udsendelser dukker op efter timeren er afsluttet.</description>
    <description lang="de_DE">Filmon Frontend. Unterstützt Live-TV, Aufnahmen, EPG. Benötigt ein Filmon-Abo. Vor dem Aktivieren: (a) in Filmon Kanäle als Favoriten einstellen um sie in Kodi zu sehen (b) Benutzername und Passwort in diesen Addon-Einstellungen eingeben. Hinweis: Aufnahmen können mehrere Minuten benötigen um zu erscheinen nachdem der Timer beendet ist.</description>
    <description lang="el_GR">Frontend για το Filmon. Υποστηρίζει Live TV, εγγραφές, EPG. Απαιτείται συνδρομή/εγγραφή στο Filmon. Πριν το ενεργοποιήσετε: (α) ορίστε στο Filmon τα κανάλια σαν αγαπημένα για να εμφανίζονται στο Kodi, (β) εισάγετε το όνομα χρήστη και τον κωδικό σας στις ρυθμίσεις του πρόσθετου. Σημείωση: ενδέχεται να περάσουν κάποια λεπτά προτού εμφανιστούν οι εγγραφές μετά την ολοκλήρωση του χρονοδιακόπτη.</description>
    <description lang="en_AU">Filmon frontend. Supports live TV, recordings, EPG. Requires a Filmon subscription. Before enabling: (a) in Filmon set channels as favourite to see them in Kodi (b) enter your username and password in this addon's settings. Note: recordings can take several minutes to appear after timer is completed.</description>
    <description lang="en_GB">Filmon frontend. Supports live TV, recordings, EPG. Requires a Filmon subscription. Before enabling: (a) in Filmon set channels as favourite to see them in Kodi (b) enter your username and password in this addon's settings. Note: recordings can take several minutes to appear after timer is completed.</description>
    <description lang="en_NZ">Filmon frontend. Supports live TV, recordings, EPG. Requires a Filmon subscription. Before enabling: (a) in Filmon set channels as favourite to see them in Kodi (b) enter your username and password in this addon's settings. Note: recordings can take several minutes to appear after timer is completed.</description>
    <description lang="en_US">Filmon frontend. Supports live TV, recordings, EPG. Requires a Filmon subscription. Before enabling: (a) in Filmon set channels as favorite to see them in Kodi (b) enter your username and password in this addon's settings. Note: recordings can take several minutes to appear after timer is completed.</description>
    <description lang="es_AR">Frontend Filmon. Soporta TV en vivo, grabación, GEP. Requiere una cuenta Filmon. Antes de activar: (a) Marque canales como favoritos en Filmon para poder verlos en Kodi (b) introduzca su nombre de usuario y contraseña en los ajustes de este add-on. Nota: Es posible que las grabaciones aparezcan luego de varios minutos después de que se complete el cronómetro.</description>
    <description lang="es_ES">Frontend Filmon. Soporta TV en directo, grabaciones, EPG. Requiere subscripción a Filmon. Antes de activar: (a) En Filmon, configura los canales como favoritos para verlos en Kodi (b) Configura este addon con tu usuario y clave. Nota: Las grabaciones pueden tardar varios minutos en aparecer tras finalizarse.</description>
    <description lang="es_MX">Filmon frontend. Soporta TV en directo, grabaciones, EPG. Requiere una suscripción a Filmon. Antes de habilitar: (a) en Filmon establecer canales como favoritos para verlos en Kodi (b) ingrese su nombre de usuario y contraseña en la configuración de este complemento. Nota: las grabaciones pueden tardar varios minutos en aparecer después de finalizar el temporizador.</description>
    <description lang="fi_FI">Filmon-asiakasohjelma. Tukee suoria tv-lähetyksiä, tallennuksia ja ohjelmaopasta. Tarvitsee toimiakseen voimassaolevan Filmon-tilauksen. Ennen käyttöönottoa: (a) Aseta suosikkikanavasi Filmonissa (b) syötä käyttäjänimesi ja salasanasi tämän lisäosan asetuksiin. Huom! Tallennukset saattavat ilmestyä vasta monta minuuttia tallennuksen päättymisen jälkeen.</description>
    <description lang="fr_CA">Frontal Filmon. Prend en charge la télé en direct, les enregistrements et le GÉP. Exige un abonnement à Filmon. Avant de l'activer : (a) dans Filmon, définir les chaînes comme favorites pour les voir dans Kodi (b)  saisir votre nom d'utilisateur et votre mot de passe dans les paramètres de l'addiciel. Note : en fin de minuterie, les enregistrements peuvent prendre plusieurs minutes avant d'apparaître.</description>
    <description lang="fr_FR">Interface logicielle Filmon. Prend en charge la TV en direct, enregistrements, EPG. Nécessite un abonnement Filmon. Avant d'activer : (a) dans Filmon régler les chaînes comme favorites pour les voir dans Kodi (b) saisir les nom d'utilisateur et mot de passe dans les paramètres de cette extension.[CR]NB : les enregistrements peuvent prendre plusieurs minutes pour apparaître après une programmation terminée.</description>
    <description lang="gl_ES">Interface Filmon. Soporta TV en directo, gravacións e Guía. Requírese unha subscrición. Antes de activalo: (a) Estabelecer as canles como favoritas para velas no Kodi (b) inserir o nome de usuario e contrasinal nos axustes. Nota: as gravacións poden tardar algúns minutos en aparecer despois de rematar o temporizador.</description>
    <description lang="he_IL">לקוח טלוויזיה חיה של Filmon. תומך בהזרמת שידורים חיים, הצגת לוח שידורים ותזמון הקלטות. מחייב מנוי לשירות Filmon. לפני הפעלת ההרחבה: (א) יש לסמן ערוץ כמועדף ע"מ שיוצג ב־Kodi (ב) יש להזין שם משתמש וסיסמת שירות Filmon בהגדרות הרחבה זו. הערה: יכולות מספר דקות מתום ההקלטה עד אשר תהיה זמינה לצפייה.</description>
    <description lang="hr_HR">Filmon sučelje. Podržava gledanje TV uživo, snimanje, EPG. Zahtijeva Filmon pretplatu. Prije omogućavanja: (a) u Filmonu postavite vaše programe kao omiljene da bi bili vidljivi u Kodiju (b) upišite vaše korisničko ime i lozinku u postavke ovog dodatka. Napomena: snimanjima je potrebno nekoliko minuta da se pojave nakon što je zakazno vrijeme snimanja završilo.</description>
    <description lang="hu_HU">Filmon előtét. Támogatja az élő TV-t, felvételeket, EPG-t. Filmon regisztráció szükséges. Engedélyezése előtt: (a) a Filmon-ban állítsa be kedvencként a csatornát hogy megjelenjen a Kodi-ban (b) írja be a felhasználónevet és a jelszót a kiegészítő beállításainál. Megjegyzés: a felvételek befejezése után előfordulhat hogy csak egy idő múlva jelennek meg a felvételi listában.</description>
    <description lang="id_ID">Front end Filmon. Mendukung siaran TV, rekaman, EPG. Memerlukan langganan Filmon. Sebelum mengaktifkan: (a) dalam menetapkan saluran Filmon sebagai favorit untuk melihat mereka di Kodi (b) masukkan nama penggunan dan sandi pada pengaturan addon ini. Catatan : rekaman bisa memerlukan beberapa menit untuk muncul setelah timer selesai</description>
    <description lang="is_IS">Filmon framendi. Styður beina útsendingu, upptökur, rafræna dagskrárupplýsingar. Þarfnast Filmon áskriftar. Áður en þú gerir virkt: (a) í Filmon settu rásir sem uppáhalds til að sjá þær í Kodi. (b) settu inn notandanafn þitt og lykilorð í uppsetningu viðbótarinnar. Taktu eftir: það getur tekið nokkrar mínútur þangað til upptaka verður sýnileg eftir að upptöku líkur.</description>
    <description lang="it_IT">Frontend Filmon. Supporta TV in diretta, registrazioni, EPG. Richiede l'abbonamento a Filmon. Prima di abilitare: (a) in Filmon, imposta i canali come preferiti per visualizzarli in Kodi (b) inserisci i tuoi username e password nelle impostazioni dell'addon. Nota: le registrazioni potrebbero apparire dopo alcuni minuti dallo scadere del timer.</description>
    <description lang="ko_KR">Filmon 프론트엔드. 라이브 TV, 녹화, EPG 지원. Filmon 계정정보 필요. 활성화하기 전에: (a) Kodi에서 보려면 Filmon에서 채널을 즐겨찾기에 등록하세요. (b) 애드온 설정에 사용자명과 비밀번호를 입력하세요. 노트: 녹화물은 타이머가 만료된 후 몇 분 뒤에 나타날 수 있습니다.</description>
    <description lang="lt_LT">Filmon naudotojo sąsaja. Palaiko TV transliaciją, laidų įrašymą, EPG. Reikalinga Filmon paskyra. Prieš įjungiant: (a) Filmon puslapyje nustatykite kanalus, kuriuos norite matyti Kodi, kaip mėgstamiausius (b) įveskite savo vartotojo vardą ir slaptažodį šio priedo nustatymuose. Pastaba: įrašymo atsiradimui gali prireikti keleto minučių po laikmačio sukūrimo.</description>
    <description lang="lv_LV">Filmon galasistēma. Atbalsta tiešraides TV, ierakstus, EPG. Nepieciešams Filmon konts. Pirms ieslēgšanas: (a) iekš Filmon iestatīt kanālus favorītos, lai tos redzētu Kodi (b) ierakstīt savu lietotāju un paroli šī pielikuma iestatījumos. Piezīme: ierakstiem pēc taimera beigām var paiet vairākas minūtes, pirms tie ir redzami.</description>
    <description lang="mk_MK">Интерфејс за Filmon. Поддржува ТВ во живо, снимки, EPG. Бара Filmon претплата. Пред да го вклучите: (а) во Filmon поставете канали како омилени за да можете да ги видите во Kodi (б) внесете го вашето име и лозинка во подесувањата за овој аддон. Белешка: на снимките може да им требаат неколку минути за да се појават откако тајмерот ќе заврши.</description>
    <description lang="mn_MN">Filmon нүүр. Live TV, бичлэг, EPG дэмждэг. Filmon захиалсан байх шаардлагатай. Идэвхижүүлэхийн өмнө: (a) in Filmon set channels as favourite to see them in Kodi (b) Энэхүү addon's тохиргоонд хэрэглэгчийн нэр, нууц үгээ оруулна уу. Анхааруулга: бичлэг нь цаг тоололт дууссанаас хойш гарч иртэл хэдэн минут болох боломжтой. </description>
    <description lang="ms_MY">Bahagian hadapan Filmon. Menyokong TV langsung, rakaman, EPG. Memerlukan langganan Filmon. Sebelum dibenarkan: (a) dalam Filmon tetapkan saluran sebagai kegemaran untuk menontonnya di dalam Kodi (b) masukkan nama pengguna dan kata laluan di dalam tetapan tambahan ini. Perhatian: rakaman mengambil masa beberapa minit untuk muncul selepas pemasa selesai.</description>
    <description lang="mt_MT">Il-Filmon frontend isservi biex thaddem Telvixin live, irrekordjar, EPG. Trid tkun miktub ma Filmon. Qabel thaddem: (a)  f'Filmon ghazel xi stazzjonijiet bhala l-favoriti tieghek halli tkun tista' tarahom f'Kodi (b)  dahhal il- username u l- kodici fis-settings ta din l-applikazzjoni. N.B. Recordings jistghu jiehdu numru ta' minuti sakemm jigu jidhru wara li l-arlogg ilesti. </description>
    <description lang="nb_NO">Filmon klient. Støtter live TV, opptak, EPG. Krever abonnement hos Filmon. Før aktivering: (a) sett kanaler som favoritter på Filmon for å se de i Kodi. (b) skriv inn brukernavn og passord innstillingene til denne utvidelsen. Merk at det kan ta flere minutter før et opptak vises i listen etter at nedtellingen er ferdig.</description>
    <description lang="nl_NL">Filmon frontend. Ondersteunt live TV, Opnamen, EPG. Vereist een Filmon inschrijving. Voordat je inschakelt: (a) in Filmon stel kanalen in als favoriet om ze te zien in Kodi (b) voer je gebruikersnaam en wachtwoord in in de add-on instellingen. PS: opnamen kunnen meerdere minuten duren voordat ze worden getoond nadat de timer is gecomplementeerd.</description>
    <description lang="pl_PL">Klient telewizji dla FilmOn obsługuje transmisję kanałów telewizyjnych, nagrywanie oraz funkcje przewodnika telewizyjnego. Wymaga płatnej subskrypcji usług FilmOn. Przed użyciem należy: (a) ustawić kanały jako ulubione (b) wprowadzić nazwę użytkownika i hasło w ustawieniach klienta. Uwaga: Nagrania mogą się pojawić dopiero po kilku minutach po zakończeniu nagrywania.</description>
    <description lang="pt_BR">PVR Filmon. Suporte TV ao Vivo, gravações, EPG. Requer uma subscrição Filmon. Antes de ativar: (a) em Filmon defina os canais favoritos para vê-los no Kodi (b) Entre seu nome de usuário e senha nos ajustes do addon.
Nota: Gravações pode levar algum tempo para ficar disponível após o mesmo ter sido completado.</description>
    <description lang="pt_PT">Interface Filmon. Suporta TV em direto, gravações e EPG. Requer uma subscrição Filmon. Antes de ativar: (a) no Filmon, defina os canais como favoritos para os ver no Kodi (b), digite o seu nome de utilizador e a palavra-passe nas definições do add-on. Nota: as gravações podem levar alguns minutos a aparecer após o temporizador ter concluído.</description>
    <description lang="ro_RO">Partea din față pentru Filmon. Suportă televiziune în direct, înregistrări, EPG. Necesită un abonament Filmon. Înainte de activare: (a) în Filmon stabiliți canale ca favorite pentru a le vedea în Kodi (b) introduceți-vă numele de utilizator și parola în configurările suplimentului. Atenție: poate să dureze câteva minute ca înregistrările să apară după ce cronometrul s-a terminat.</description>
    <description lang="ru_RU">Интерфейс FilmOn. Поддерживает прямые ТВ трансляции, записи, EPG. Требуется подписка на FilmOn. Перед включением: (a) добавте каналы в фавориты на FilmOn, чтобы увидеть их в Kodi (b), введите ваш логин и пароль в настройках аддона. Примечание: добавление записей может занять несколько минут после заверщения таймера.</description>
    <description lang="sk_SK">Filmon priamy prístup. Podpouje živú TV, nahrávania, EPG. Vyžaduje Filmon predplatné. Pred tým ako umožníš (a) vo Filmone kanály ako obľúbené vidieť v Kodi (b) vlož svoje prístupové meno a heslo v nastaveniach tohto add on. Nahrávanie môže trvať niekoľko minút po ukončeni časomiery.</description>
    <description lang="sl_SI">Odjemalec Filmon. Podpira TV v živo, posnetke, EPG. Potrebna je naročnina na Filmon. Preden omogočite: (a) v Filmonu nastavite programe kot priljubljene, da se prikažejo v Kodiju (b) vnesite vaše uporabniško ime in geslo v nastavitvah tega dodatka. Opomba: posnetki se lahko prikažejo šele po nekaj minutah, ko se snemanje zaključi.</description>
    <description lang="sr_RS">Филмон интерфејс. Подржава ТВ Уживо, снимке, EPG. Захтева Filmon претплату. Пре омогућивања: (а) у Filmon-у подесите канале као омиљено да би их видели у Kodi (б) унесите своје корисничко име и лозинку у подешавањима овог додатног програма. Напомена: снимцима је некада потребно неколико минута да би се појавили након што се тајмер заврши.</description>
    <description lang="sr_RS@latin">Filmon interfejs. Podržava TV Uživo, snimke, EPG. Zahteva Filmon pretplatu. Pre omogućivanja: (a) u Filmonu podesite kanale kao omiljeno da bi ih videli u Kodi (b) unesite svoje korisničko ime i lozinku u podešavanjima ovog dodatnog programa. Napomena: snimcima je nekada potrebno nekoliko minuta da bi se pojavili nakon što se tajmer završi.</description>
    <description lang="sv_SE">Filmon frontend. Stöder live-TV, inspelningar, EPG. Kräver ett Filmon-abonnemang. Innan du aktiverar: (a) Ställ in favoritkanaler i Filmon för att kunna se dem i Kodi. (b) Ange ditt användarnamn och lösenord i inställningar för detta tillägg. Observera: Det kan ta flera minuter innan inspelningar visas efter att timern är klar.</description>
    <description lang="szl">Frontend ôd Filmona. Podpiyrŏ TV, nagrywaniy, EPG. Wymŏgŏ abōniyrowaniŏ Filmona. Przed włōnczyniym: (a) we Filmonie przidej kanały do wertownych, coby je ôbezdrzeć we Kodi, (b) wkludź swoje miano ôd używŏcza i hasło we sztelōnkach ôð tyj przidŏwki. Pozōr: nagrania mogōm sie pokŏzywać pŏrã minut po skōńczyniu nagrywaniŏ.</description>
    <description lang="te_IN">Filmon ఫ్రంటెండ్. లైవ్ TV, రికార్డింగులు, EPG మద్దతు కలదు. Filmon చందా అవసరం.  ఎనేబుల్ ముందు: (ఎ) ఇష్టమైన ఛానెల్లను కోడి లో చూడటానికి  Filmon లో సెట్ చేసుకోండి (బి) ఈ యాడ్ఆన్ యొక్క సెట్టింగ్లలో మీ యూజర్ పేరు మరియు పాస్వర్డ్ను నమోదు చేయండి. గమనిక: టైమర్ పూర్తయిన తర్వాత రికార్డింగ్ కనిపించడానికి అనేక నిమిషాలు పట్టవచ్చు.</description>
    <description lang="tr_TR">Filmon ön ucu. Canlı TV'leri, kayıtları, EPG'leri destekler. Bir Filmon aboneliği gerektirir. Etkinleştirmeden önce: (a) Kodi içerisinde görmek için Filmon içerisinde kanalları favori olarak ayarlayın (b) bu eklentinin ayarlarında kullanıcı adı ve parolanızı girin. Not: Kayıtların görünmesi için zamanlayıcı tamamlandıktan sonra birkaç dakika gerekebilir.</description>
    <description lang="zh_CN">Filmon 前端。支持直播电视、录像、电子节目单。需要有 Filmon 订阅。激活前：(a) 在 Filmon 中设置喜爱的频道以便在 Kodi 中看到 (b) 在本插件的设置中输入你的用户名和密码。注意：录像要在完成后几分钟后才能看到。</description>
    <description lang="zh_TW">Filmon 前端介面。支援即時電視節目，錄影，電子節目表。需有訂閱Filmon。在開啟前：(a) 在 Filmon 中設定喜愛頻道後，才能在Kodi中看到 (b) 在本附加元件的設定中輸入使用者名稱及密碼。注意：錄影檔可能會在錄影完成幾分鐘之後才看得到。</description>
    <platform>linux</platform>
  </extension>
</addon>
