<?xml version="1.0" encoding="UTF-8" standalone="yes"?>
<addon id="driver.dvb.sundtek-mediatv"
       name="Sundtek MediaTV"
       version="7.0.103"
       provider-name="libreelec.tv">
  <requires>
    <import addon="os.libreelec.tv" version="7.0"/>
    <import addon="xbmc.python" version="2.1.0"/>

  </requires>
  <extension point="xbmc.service" library="default.py">
    <provides></provides>
  </extension>
  <extension point="xbmc.addon.metadata">
    <summary>Sundtek MediaTV: a Linux driver to add support for SUNDTEK USB DVB devices</summary>
    <description>
Install this to add support for Sundtek USB DVB devices.
    </description>
    <disclaimer>

    </disclaimer>
    <platform>all</platform>
  </extension>
</addon>
