<?xml version="1.0" encoding="UTF-8"?>
<addon
  id="audiodecoder.organya"
  version="1.1.0"
  name="Org Audio Decoder"
  provider-name="spiff">
  <requires>
    <import addon="kodi.audiodecoder" version="1.0.0"/>
  </requires>
  <extension
    point="kodi.audiodecoder"
    name="org"
    extension=".org"
    library_linux="audiodecoder.organya.so.1.1.0"/>
  <extension point="xbmc.addon.metadata">
    <summary lang="en">Organya Audio Decoder</summary>
    <description lang="en">Organya Audio Decoder</description>
    <platform>linux</platform>
  </extension>
</addon>
