<?xml version="1.0" encoding="UTF-8"?>
<addon id="audiodecoder.openmpt" version="2.0.1.2" name="OpenMPT Audio Decoder" provider-name="spiff">
  <requires>
    <import addon="kodi.binary.global.main" version="1.0.14"/>
    <import addon="kodi.binary.global.filesystem" version="1.0.2"/>
    <import addon="kodi.binary.instance.audiodecoder" version="2.0.0"/>
  </requires>
  <extension point="kodi.audiodecoder" name="mod" extension=".mod|.s3m|.xm|.it|.mptm|.stm|.nst|.m15|.stk|.st26|.ice|.wow|.ult|.669|.mtm|.med|.far|.mdl|.ams|.dsm|.amf|.okt|.dmf|.ptm|.psm|.mt2|.dbm|.digi|.imf|.j2b|.gdm|.umx|.xpk|.ppm|.mmcmp" library_linux="audiodecoder.openmpt.so.2.0.1"/>
  <extension point="xbmc.addon.metadata">
    <summary lang="en">OpenMPT Audio Decoder</summary>
    <description lang="en">OpenMPT Audio Decoder</description>
    <platform/>
  </extension>
</addon>
