<?xml version="1.0" encoding="UTF-8" standalone="yes"?>
<addon id="game.netplay" name="Netplay Support" version="0.0.1.100" provider-name="Team Kodi">
  <requires/>
  <extension point="kodi.netplay" library_linux="game.netplay.so.0.0.1">
  </extension>
  <extension point="xbmc.addon.metadata">
    <summary lang="en_GB">Netplay support for Kodi</summary>
    <description lang="en_GB">This add-on provides netplay functionality, allowing games to be played over the internet.</description>
    <license>GPLv2</license>
    <platform/>
    <assets>
    </assets>
  </extension>
</addon>
