<?xml version="1.0" encoding="UTF-8" standalone="yes"?>
<addon id="virtual.network-tools"
       name="Network Tools"
       version="9.0.103"
       provider-name="Team LibreELEC">
  <requires>
    <import addon="os.libreelec.tv" version="9.0"/>
    <import addon="xbmc.python" version="2.1.0"/>

  </requires>
  <extension point="xbmc.python.script" library="default.py">
    <provides></provides>
  </extension>
  <extension point="xbmc.addon.metadata">
    <summary>A bundle of network tools and programs</summary>
    <description>
This bundle currently includes bwm-ng, iftop, iperf, irssi, iw, lftp, ncftp, ngrep, nmap, rar2fs, rsync, sshfs, tcpdump, udpxy and wireless_tools.
    </description>
    <disclaimer>

    </disclaimer>
    <platform>all</platform>
    <news>
103
- added rar2fs
- updated iperf to 3.6
- updated irssi to 1.1.2
- updated lftp to 4.8.4

102
- updated iperf to 3.5
- updated irssi to 1.1.1
- updated iw to 4.14
- updated lftp to 4.8.3
- updated ncftp to 3.2.6
- updated ngrep to latest
- updated nmap to 7.70
- updated rsync to 3.1.3
- updated sshfs to 2.10
- updated tcpdump to 4.9.2
- updated udpxy to 1.0.23-12
- updated wireless_tools to 30.pre9

101
- rebuild

100
- Initial Release
    </news>
    <assets>
      <icon>resources/icon.png</icon>
      <fanart>resources/fanart.png</fanart>

    </assets>
  </extension>
</addon>
