<?xml version="1.0" encoding="UTF-8"?>
<addon
  id="audiodecoder.wsr"
  version="1.1.0"
  name="WSR Audio Decoder"
  provider-name="spiff">
  <requires>
    <import addon="kodi.audiodecoder" version="1.0.0"/>
  </requires>
  <extension
    point="kodi.audiodecoder"
    name="wsr"
    extension=".wsr|.wsrstream"
    tags="true"
    tracks="true"
    library_linux="audiodecoder.wsr.so.1.1.0"/>
  <extension point="xbmc.addon.metadata">
    <summary lang="en">WSR Audio Decoder</summary>
    <description lang="en">WSR Audio Decoder</description>
    <platform>linux</platform>
  </extension>
</addon>
